{
  "total_affected_transactions": 96577,
  "unnecessary_high_limit_count": 18500,
  "unnecessary_percentage": 19.155699597212585,
  "avg_gas_limit": 24734339.338196464,
  "avg_gas_used": 17667563.36804829,
  "avg_efficiency": 0.7142929158720172,
  "min_gas_used": 21000,
  "max_gas_used": 35888566
}